{
  "experiment_id": "gigachat3_1_cluster_no_opt_mean_value_20260313_160024",
  "clusters": {
    "1": {
      "cluster_id": 1,
      "start_time": 1773406889.7923377,
      "end_time": 1773408050.6901011,
      "total_time": 1160.8938658237457,
      "participants_total": 100,
      "participants_train": 60,
      "participants_test": 40,
      "stages": {
        "before_optimization_test": {
          "summary": {
            "mean_similarity": 0.6899038461538461,
            "mean_avg_diff": 1.2403846153846154,
            "mean_pearson_corr": 0.18828254583285398,
            "participants_total": 40,
            "participants_parsed_count": 13,
            "participants_unparsable_count": 27,
            "participants_unparsable_share": 0.675,
            "similarity_valid_count": 13,
            "similarity_excluded_count": 27,
            "similarity_excluded_share": 0.675,
            "similarity_35_valid_count": 13,
            "similarity_35_excluded_count": 27,
            "similarity_35_excluded_share": 0.675,
            "similarity_facets_valid_count": 13,
            "similarity_facets_excluded_count": 27,
            "similarity_facets_excluded_share": 0.675,
            "similarity_traits_valid_count": 13,
            "similarity_traits_excluded_count": 27,
            "similarity_traits_excluded_share": 0.675,
            "mean_mae_35": 22.65308557373944,
            "mean_similarity_35": 0.7734691442626057,
            "mean_pearson_35": 0.4636004445685455,
            "mean_similarity_facets": 0.7692987164104793,
            "mean_similarity_traits": 0.7984917113753636
          },
          "trait_similarity": {
            "openness": 0.754879114562504,
            "conscientiousness": 0.7920688621942624,
            "extraversion": 0.8256641525440951,
            "agreeableness": 0.7741538839624797,
            "neuroticism": 0.8456925436134761
          },
          "facet_similarity": {
            "facet_depression": 0.8803032311121233,
            "facet_friendliness": 0.9049527258631552,
            "facet_self_discipline": 0.7934111771205766,
            "facet_cheerfulness": 0.7903364207316209,
            "facet_self_efficacy": 0.7165000209512359
          },
          "answer_block_similarity": {
            "openness_items_24": 0.7291666666666667,
            "conscientiousness_items_24": 0.6939102564102565,
            "extraversion_items_24": 0.7387820512820512,
            "agreeableness_items_24": 0.6177884615384616,
            "neuroticism_items_24": 0.6698717948717949
          },
          "selected_facets": [
            "facet_depression",
            "facet_friendliness",
            "facet_self_discipline",
            "facet_cheerfulness",
            "facet_self_efficacy"
          ],
          "trait_question_blocks": {
            "openness_items_24": [
              3,
              8,
              13,
              18,
              23,
              28,
              33,
              38,
              43,
              48,
              53,
              58,
              63,
              68,
              73,
              78,
              83,
              88,
              93,
              98,
              103,
              108,
              113,
              118
            ],
            "conscientiousness_items_24": [
              5,
              10,
              15,
              20,
              25,
              30,
              35,
              40,
              45,
              50,
              55,
              60,
              65,
              70,
              75,
              80,
              85,
              90,
              95,
              100,
              105,
              110,
              115,
              120
            ],
            "extraversion_items_24": [
              2,
              7,
              12,
              17,
              22,
              27,
              32,
              37,
              42,
              47,
              52,
              57,
              62,
              67,
              72,
              77,
              82,
              87,
              92,
              97,
              102,
              107,
              112,
              117
            ],
            "agreeableness_items_24": [
              4,
              9,
              14,
              19,
              24,
              29,
              34,
              39,
              44,
              49,
              54,
              59,
              64,
              69,
              74,
              79,
              84,
              89,
              94,
              99,
              104,
              109,
              114,
              119
            ],
            "neuroticism_items_24": [
              1,
              6,
              11,
              16,
              21,
              26,
              31,
              36,
              41,
              46,
              51,
              56,
              61,
              66,
              71,
              76,
              81,
              86,
              91,
              96,
              101,
              106,
              111,
              116
            ]
          },
          "prompt": {
            "role_definition": "You are a simulated person embodying a specific personality type from the Big Five model (OCEAN), based on traits and facets. \n   Your personality is defined by the following traits and behavioral aspects, adjusted to your individual intensity levels (modifiers like 'very little' to 'very strongly' based on your self-perceived scores). \n   Description of your personality:\n   ",
            "trait_formulations": {
              "openness": "You show a balanced openness to new ideas, combining curiosity with a preference for what is practical and proven.",
              "conscientiousness": "You are highly reliable, structured, and motivated to complete tasks thoroughly and on time.",
              "extraversion": "You are socially energetic, talkative, and tend to seek interaction and group engagement.",
              "agreeableness": "You are warm, cooperative, and generally inclined toward trust, support, and social harmony.",
              "neuroticism": "You are emotionally stable and typically remain calm, even under pressure or uncertainty."
            },
            "facet_formulations": {
              "facet_depression": "You rarely feel prolonged sadness or hopelessness and usually recover quickly after setbacks.",
              "facet_friendliness": "You are warm and approachable, and you typically make positive first connections with people.",
              "facet_self_discipline": "You stay focused on tasks and can reliably follow through even when motivation drops.",
              "facet_cheerfulness": "You are generally upbeat and optimistic, and your positive mood shows in daily interactions.",
              "facet_self_efficacy": "You have strong confidence in your ability to handle challenges and achieve your goals."
            },
            "intensity_modifiers": {
              "boundaries": [
                0,
                20,
                40,
                60,
                80,
                100
              ],
              "modifiers": [
                "very little",
                "slightly",
                "moderately",
                "quite strongly",
                "very strongly"
              ]
            },
            "critic_formulations": "Reflect on these descriptions as if they are your own self-perception, and respond to questions by evaluating how accurately they describe you, as a real person would. \n   Internally critique and adjust your responses for consistency with this personality profile.\n   ",
            "template_structure": "TRAITS_FACETS_CRITIC",
            "trait_targets": {},
            "facet_targets": {}
          },