{
  "experiment_id": "gigachat3_0_cluster_no_opt_mean_value_20260313_132156",
  "clusters": {
    "0": {
      "cluster_id": 0,
      "start_time": 1773397418.244274,
      "end_time": 1773405288.391535,
      "total_time": 7870.132742404938,
      "participants_total": 100,
      "participants_train": 60,
      "participants_test": 40,
      "stages": {
        "before_optimization_test": {
          "summary": {
            "mean_similarity": 0.6646901709401708,
            "mean_avg_diff": 1.3412393162393161,
            "mean_pearson_corr": 0.03365908564756025,
            "participants_total": 40,
            "participants_parsed_count": 39,
            "participants_unparsable_count": 1,
            "participants_unparsable_share": 0.025,
            "similarity_valid_count": 39,
            "similarity_excluded_count": 1,
            "similarity_excluded_share": 0.025,
            "similarity_35_valid_count": 39,
            "similarity_35_excluded_count": 1,
            "similarity_35_excluded_share": 0.025,
            "similarity_facets_valid_count": 39,
            "similarity_facets_excluded_count": 1,
            "similarity_facets_excluded_share": 0.025,
            "similarity_traits_valid_count": 39,
            "similarity_traits_excluded_count": 1,
            "similarity_traits_excluded_share": 0.025,
            "mean_mae_35": 24.56094868122361,
            "mean_similarity_35": 0.754390513187764,
            "mean_pearson_35": 0.38641686145023,
            "mean_similarity_facets": 0.7471993343912238,
            "mean_similarity_traits": 0.7975375859670039
          },
          "trait_similarity": {
            "openness": 0.74724779003821,
            "conscientiousness": 0.8262315286247156,
            "extraversion": 0.8076873361560263,
            "agreeableness": 0.7657568051117506,
            "neuroticism": 0.8407644699043172
          },
          "facet_similarity": {
            "facet_excitement_seeking": 0.7799187735151318,
            "facet_imagination": 0.7043387120043181,
            "facet_cautiousness": 0.7560771198315219,
            "facet_adventurousness": 0.6761800133788674,
            "facet_orderliness": 0.7816272240801382
          },
          "answer_block_similarity": {
            "openness_items_24": 0.6311431623931624,
            "conscientiousness_items_24": 0.6672008547008548,
            "extraversion_items_24": 0.7216880341880342,
            "agreeableness_items_24": 0.6324786324786325,
            "neuroticism_items_24": 0.670940170940171
          },
          "selected_facets": [
            "facet_excitement_seeking",
            "facet_imagination",
            "facet_cautiousness",
            "facet_adventurousness",
            "facet_orderliness"
          ],
          "trait_question_blocks": {
            "openness_items_24": [
              3,
              8,
              13,
              18,
              23,
              28,
              33,
              38,
              43,
              48,
              53,
              58,
              63,
              68,
              73,
              78,
              83,
              88,
              93,
              98,
              103,
              108,
              113,
              118
            ],
            "conscientiousness_items_24": [
              5,
              10,
              15,
              20,
              25,
              30,
              35,
              40,
              45,
              50,
              55,
              60,
              65,
              70,
              75,
              80,
              85,
              90,
              95,
              100,
              105,
              110,
              115,
              120
            ],
            "extraversion_items_24": [
              2,
              7,
              12,
              17,
              22,
              27,
              32,
              37,
              42,
              47,
              52,
              57,
              62,
              67,
              72,
              77,
              82,
              87,
              92,
              97,
              102,
              107,
              112,
              117
            ],
            "agreeableness_items_24": [
              4,
              9,
              14,
              19,
              24,
              29,
              34,
              39,
              44,
              49,
              54,
              59,
              64,
              69,
              74,
              79,
              84,
              89,
              94,
              99,
              104,
              109,
              114,
              119
            ],
            "neuroticism_items_24": [
              1,
              6,
              11,
              16,
              21,
              26,
              31,
              36,
              41,
              46,
              51,
              56,
              61,
              66,
              71,
              76,
              81,
              86,
              91,
              96,
              101,
              106,
              111,
              116
            ]
          },
          "prompt": {
            "role_definition": "You are a simulated person embodying a specific personality type from the Big Five model (OCEAN), based on traits and facets. \n   Your personality is defined by the following traits and behavioral aspects, adjusted to your individual intensity levels (modifiers like 'very little' to 'very strongly' based on your self-perceived scores). \n   Description of your personality:\n   ",
            "trait_formulations": {
              "openness": "You prefer practical, concrete, and familiar ideas over abstract, unusual, or highly experimental ones.",
              "conscientiousness": "You are organized, dependable, and usually follow plans and responsibilities carefully.",
              "extraversion": "You are more reserved than outgoing and often prefer quieter settings or smaller social circles.",
              "agreeableness": "You are generally cooperative and considerate, while still able to assert your own needs when needed.",
              "neuroticism": "You experience a typical level of stress and emotional fluctuation, without being either highly reactive or unusually detached."
            },
            "facet_formulations": {
              "facet_excitement_seeking": "You have a low need for thrills and intense stimulation, and usually prefer calm, predictable activities.",
              "facet_imagination": "You tend to think concretely and practically, with less focus on fantasy or imaginative exploration.",
              "facet_cautiousness": "You think decisions through carefully and are generally careful about risks and possible consequences.",
              "facet_adventurousness": "You are selective about novelty and usually prefer familiar environments over uncertain new experiences.",
              "facet_orderliness": "You value structure and organization, and you feel more comfortable when things are tidy and well planned."
            },
            "intensity_modifiers": {
              "boundaries": [
                0,
                20,
                40,
                60,
                80,
                100
              ],
              "modifiers": [
                "very little",
                "slightly",
                "moderately",
                "quite strongly",
                "very strongly"
              ]
            },
            "critic_formulations": "Reflect on these descriptions as if they are your own self-perception, and respond to questions by evaluating how accurately they describe you, as a real person would. \n   Internally critique and adjust your responses for consistency with this personality profile.\n   ",
            "template_structure": "TRAITS_FACETS_CRITIC",