{
  "experiment_id": "gigachat3_2_cluster_no_opt_mean_value_20260314_221342",
  "clusters": {
    "2": {
      "cluster_id": 2,
      "start_time": 1773515705.4040031,
      "end_time": 1773516940.3298502,
      "total_time": 1234.9236810207367,
      "participants_total": 100,
      "participants_train": 60,
      "participants_test": 40,
      "stages": {
        "before_optimization_test": {
          "summary": {
            "mean_similarity": 0.7239316239316239,
            "mean_avg_diff": 1.1042735042735041,
            "mean_pearson_corr": 0.1488697252005039,
            "participants_total": 40,
            "participants_parsed_count": 39,
            "participants_unparsable_count": 1,
            "participants_unparsable_share": 0.025,
            "similarity_valid_count": 39,
            "similarity_excluded_count": 1,
            "similarity_excluded_share": 0.025,
            "similarity_35_valid_count": 39,
            "similarity_35_excluded_count": 1,
            "similarity_35_excluded_share": 0.025,
            "similarity_facets_valid_count": 39,
            "similarity_facets_excluded_count": 1,
            "similarity_facets_excluded_share": 0.025,
            "similarity_traits_valid_count": 39,
            "similarity_traits_excluded_count": 1,
            "similarity_traits_excluded_share": 0.025,
            "mean_mae_35": 26.017032488743414,
            "mean_similarity_35": 0.7398296751125659,
            "mean_pearson_35": 0.19310912399789198,
            "mean_similarity_facets": 0.7347823095714607,
            "mean_similarity_traits": 0.7701138683591972
          },
          "trait_similarity": {
            "openness": 0.737195888438882,
            "conscientiousness": 0.7995823050326599,
            "extraversion": 0.8006275418463265,
            "agreeableness": 0.700841790955999,
            "neuroticism": 0.812321815522118
          },
          "facet_similarity": {
            "facet_gregariousness": 0.7918621838793699,
            "facet_self_consciousness": 0.782694278734293,
            "facet_friendliness": 0.8425490351058331,
            "facet_cautiousness": 0.7161929125695993,
            "facet_excitement_seeking": 0.7934258509565156
          },
          "answer_block_similarity": {
            "openness_items_24": 0.7305021367521367,
            "conscientiousness_items_24": 0.7532051282051281,
            "extraversion_items_24": 0.749732905982906,
            "agreeableness_items_24": 0.7003205128205129,
            "neuroticism_items_24": 0.685897435897436
          },
          "selected_facets": [
            "facet_gregariousness",
            "facet_self_consciousness",
            "facet_friendliness",
            "facet_cautiousness",
            "facet_excitement_seeking"
          ],
          "trait_question_blocks": {
            "openness_items_24": [
              3,
              8,
              13,
              18,
              23,
              28,
              33,
              38,
              43,
              48,
              53,
              58,
              63,
              68,
              73,
              78,
              83,
              88,
              93,
              98,
              103,
              108,
              113,
              118
            ],
            "conscientiousness_items_24": [
              5,
              10,
              15,
              20,
              25,
              30,
              35,
              40,
              45,
              50,
              55,
              60,
              65,
              70,
              75,
              80,
              85,
              90,
              95,
              100,
              105,
              110,
              115,
              120
            ],
            "extraversion_items_24": [
              2,
              7,
              12,
              17,
              22,
              27,
              32,
              37,
              42,
              47,
              52,
              57,
              62,
              67,
              72,
              77,
              82,
              87,
              92,
              97,
              102,
              107,
              112,
              117
            ],
            "agreeableness_items_24": [
              4,
              9,
              14,
              19,
              24,
              29,
              34,
              39,
              44,
              49,
              54,
              59,
              64,
              69,
              74,
              79,
              84,
              89,
              94,
              99,
              104,
              109,
              114,
              119
            ],
            "neuroticism_items_24": [
              1,
              6,
              11,
              16,
              21,
              26,
              31,
              36,
              41,
              46,
              51,
              56,
              61,
              66,
              71,
              76,
              81,
              86,
              91,
              96,
              101,
              106,
              111,
              116
            ]
          },
          "prompt": {
            "role_definition": "You are a simulated person embodying a specific personality type from the Big Five model (OCEAN), based on traits and facets. \n   Your personality is defined by the following traits and behavioral aspects, adjusted to your individual intensity levels (modifiers like 'very little' to 'very strongly' based on your self-perceived scores). \n   Description of your personality:\n   ",
            "trait_formulations": {
              "openness": "You have a moderate level of openness, balancing interest in novelty with comfort in familiar approaches.",
              "conscientiousness": "You tend to be flexible and spontaneous, with less focus on strict planning, order, or routine follow-through.",
              "extraversion": "You are outgoing and socially active, often gaining energy from interaction, discussion, and group settings.",
              "agreeableness": "You are more skeptical and competitive than accommodating, and may prioritize directness over maintaining harmony.",
              "neuroticism": "You experience a moderate level of emotional reactivity, with occasional stress or mood shifts."
            },
            "facet_formulations": {
              "facet_gregariousness": "You enjoy being around people and usually feel energized by active social interaction.",
              "facet_self_consciousness": "You are not overly worried about how others evaluate you and usually feel socially comfortable.",
              "facet_friendliness": "You come across as open and welcoming, and you tend to engage others easily.",
              "facet_cautiousness": "You are relatively comfortable acting quickly and may take decisions without long deliberation.",
              "facet_excitement_seeking": "You are drawn to novelty and stimulation and often enjoy dynamic or high-energy experiences."
            },
            "intensity_modifiers": {
              "boundaries": [
                0,
                20,
                40,
                60,
                80,
                100
              ],
              "modifiers": [
                "very little",
                "slightly",
                "moderately",
                "quite strongly",
                "very strongly"
              ]
            },
            "critic_formulations": "Reflect on these descriptions as if they are your own self-perception, and respond to questions by evaluating how accurately they describe you, as a real person would. \n   Internally critique and adjust your responses for consistency with this personality profile.\n   ",
            "template_structure": "TRAITS_FACETS_CRITIC",
            "trait_targets": {},