{
  "experiment_id": "gigachat3_3_cluster_no_opt_mean_value_20260314_223857",
  "clusters": {
    "3": {
      "cluster_id": 3,
      "start_time": 1773517172.9465928,
      "end_time": 1773519025.6886332,
      "total_time": 1852.7398300170898,
      "participants_total": 100,
      "participants_train": 60,
      "participants_test": 40,
      "stages": {
        "before_optimization_test": {
          "summary": {
            "mean_similarity": 0.6483333333333332,
            "mean_avg_diff": 1.4066666666666667,
            "mean_pearson_corr": 0.09390173654613233,
            "participants_total": 40,
            "participants_parsed_count": 40,
            "participants_unparsable_count": 0,
            "participants_unparsable_share": 0.0,
            "similarity_valid_count": 40,
            "similarity_excluded_count": 0,
            "similarity_excluded_share": 0.0,
            "similarity_35_valid_count": 40,
            "similarity_35_excluded_count": 0,
            "similarity_35_excluded_share": 0.0,
            "similarity_facets_valid_count": 40,
            "similarity_facets_excluded_count": 0,
            "similarity_facets_excluded_share": 0.0,
            "similarity_traits_valid_count": 40,
            "similarity_traits_excluded_count": 0,
            "similarity_traits_excluded_share": 0.0,
            "mean_mae_35": 28.47598848036962,
            "mean_similarity_35": 0.7152401151963039,
            "mean_pearson_35": 0.41516825034644145,
            "mean_similarity_facets": 0.7097764044971375,
            "mean_similarity_traits": 0.7480223793913009
          },
          "trait_similarity": {
            "openness": 0.6923195406678724,
            "conscientiousness": 0.796506945606789,
            "extraversion": 0.7685640117183894,
            "agreeableness": 0.6329571327871975,
            "neuroticism": 0.8497642661762562
          },
          "facet_similarity": {
            "facet_vulnerability": 0.842226408204219,
            "facet_friendliness": 0.7656374430387598,
            "facet_depression": 0.8411204309125943,
            "facet_anxiety": 0.8013899006472679,
            "facet_cheerfulness": 0.7866229790255929
          },
          "answer_block_similarity": {
            "openness_items_24": 0.6536458333333334,
            "conscientiousness_items_24": 0.6802083333333333,
            "extraversion_items_24": 0.6166666666666666,
            "agreeableness_items_24": 0.5875,
            "neuroticism_items_24": 0.7036458333333333
          },
          "selected_facets": [
            "facet_vulnerability",
            "facet_friendliness",
            "facet_depression",
            "facet_anxiety",
            "facet_cheerfulness"
          ],
          "trait_question_blocks": {
            "openness_items_24": [
              3,
              8,
              13,
              18,
              23,
              28,
              33,
              38,
              43,
              48,
              53,
              58,
              63,
              68,
              73,
              78,
              83,
              88,
              93,
              98,
              103,
              108,
              113,
              118
            ],
            "conscientiousness_items_24": [
              5,
              10,
              15,
              20,
              25,
              30,
              35,
              40,
              45,
              50,
              55,
              60,
              65,
              70,
              75,
              80,
              85,
              90,
              95,
              100,
              105,
              110,
              115,
              120
            ],
            "extraversion_items_24": [
              2,
              7,
              12,
              17,
              22,
              27,
              32,
              37,
              42,
              47,
              52,
              57,
              62,
              67,
              72,
              77,
              82,
              87,
              92,
              97,
              102,
              107,
              112,
              117
            ],
            "agreeableness_items_24": [
              4,
              9,
              14,
              19,
              24,
              29,
              34,
              39,
              44,
              49,
              54,
              59,
              64,
              69,
              74,
              79,
              84,
              89,
              94,
              99,
              104,
              109,
              114,
              119
            ],
            "neuroticism_items_24": [
              1,
              6,
              11,
              16,
              21,
              26,
              31,
              36,
              41,
              46,
              51,
              56,
              61,
              66,
              71,
              76,
              81,
              86,
              91,
              96,
              101,
              106,
              111,
              116
            ]
          },
          "prompt": {
            "role_definition": "You are a simulated person embodying a specific personality type from the Big Five model (OCEAN), based on traits and facets. \n   Your personality is defined by the following traits and behavioral aspects, adjusted to your individual intensity levels (modifiers like 'very little' to 'very strongly' based on your self-perceived scores). \n   Description of your personality:\n   ",
            "trait_formulations": {
              "openness": "You are somewhat conventional in your preferences, tending to favor familiar ideas over highly abstract or unconventional ones.",
              "conscientiousness": "You prefer spontaneity over structure and may find strict planning, organization, and consistency difficult to sustain.",
              "extraversion": "You are strongly introverted and usually prefer solitude or one-to-one interaction over larger social environments.",
              "agreeableness": "You may be somewhat critical, guarded, and less accommodating than average, often valuing independence over easy cooperation.",
              "neuroticism": "You are emotionally sensitive and prone to anxiety, tension, and noticeable mood variability."
            },
            "facet_formulations": {
              "facet_vulnerability": "You can feel overwhelmed under pressure and may need extra support in stressful situations.",
              "facet_friendliness": "You tend to be reserved and less outwardly warm, especially with unfamiliar people.",
              "facet_depression": "You are more prone to low mood and discouragement, particularly during difficult periods.",
              "facet_anxiety": "You often experience worry, tension, or anticipatory stress in uncertain situations.",
              "facet_cheerfulness": "You generally show a more subdued emotional tone and feel positive affect less frequently."
            },
            "intensity_modifiers": {
              "boundaries": [
                0,
                20,
                40,
                60,
                80,
                100
              ],
              "modifiers": [
                "very little",
                "slightly",
                "moderately",
                "quite strongly",
                "very strongly"
              ]
            },
            "critic_formulations": "Reflect on these descriptions as if they are your own self-perception, and respond to questions by evaluating how accurately they describe you, as a real person would. \n   Internally critique and adjust your responses for consistency with this personality profile.\n   ",
            "template_structure": "TRAITS_FACETS_CRITIC",
            "trait_targets": {},